"","ID","Description","GeneRatio","BgRatio","pvalue","p.adjust","qvalue","geneID","Count"
"GO:0002377","GO:0002377","immunoglobulin production","58/362","198/15881",2.16210998244647e-48,6.54686902684793e-45,6.21777312846713e-45,"IGKV4-1/MZB1/IGKC/IGKV1-5/IGLV2-14/IGKV3-15/IGLV1-40/IGLV2-11/IGLV3-25/IGLV4-69/IGKV1-16/POLQ/IGLV9-49/IGKV5-2/IGLV6-57/IGLV1-44/IGLV2-23/IGKV1-12/EXO1/IGLV7-46/IGLV3-19/IGKV1-8/IGLV3-21/IGKV3-20/IGKV1-9/IGLV3-16/IGLV1-47/IGKV1-27/IGKV1D-8/IGKV2-30/IGLV3-10/IGKV1-6/IGKV3D-11/IGLV8-61/IGKV1D-12/IGLV5-45/IGLV1-51/IGLV2-8/IGKV1-17/IGLV4-60/IGKV2-24/IGLV7-43/IGKV2-29/IGLV3-27/IGKV1-13/IGKV1D-17/IGLV5-48/IGKV3D-20/IGKV3D-15/IGLV5-37/IGLV1-36/IGKV1D-43/IGKV3-7/RBP4/IGKV1-39/IGLV3-9/IGLV10-54/IGKV2D-26",58
"GO:0006958","GO:0006958","complement activation, classical pathway","43/362","92/15881",2.448835858398e-46,3.70753748961456e-43,3.5211681921807e-43,"IGHV4-59/IGHV4-34/IGHG1/IGKC/IGHV5-51/IGHV1-18/IGLC3/IGHV3-49/IGHG3/IGLC2/IGHV3-33/IGHV1-24/IGHV3-23/IGHV3-21/IGHV3-11/IGHV3-66/IGHV3-20/IGHV3-15/IGHV3-7/IGHV4-28/C1QB/IGHV3-48/IGHV3-43/IGHA1/IGHV2-5/IGHG2/C1QC/IGHV4-61/CLU/IGHA2/IGHV3-30/IGHV1-69/IGLC6/IGHG4/IGHV3-64/IGHV3-74/IGHV3-53/IGLL1/IGHV1-69D/IGHV6-1/IGHV3-73/IGHV2-70D/IGHV4-39",43
"GO:0006956","GO:0006956","complement activation","45/362","110/15881",3.44684338568416e-45,3.47901392395054e-42,3.30413197532952e-42,"IGHV4-59/IGHV4-34/IGHG1/IGKC/IGHV5-51/IGHV1-18/IGLC3/IGHV3-49/IGHG3/IGLC2/IGHV3-33/IGHV1-24/IGHV3-23/IGHV3-21/IGHV3-11/IGHV3-66/IGHV3-20/IGHV3-15/IGHV3-7/IGHV4-28/C1QB/IGHV3-48/IGHV3-43/IGHA1/IGHV2-5/IGHG2/C1QC/IGHV4-61/CLU/IGHA2/IGHV3-30/IGHV1-69/IGLC6/IGHG4/IGHV3-64/IGHV3-74/CD5L/IGHV3-53/IGLL1/IGHV1-69D/IGHV6-1/IGHV3-73/IGHV2-70D/MASP1/IGHV4-39",45
"GO:0002455","GO:0002455","humoral immune response mediated by circulating immunoglobulin","44/362","105/15881",9.22303866685e-45,6.98184027080545e-42,6.63087937837742e-42,"IGHV4-59/IGHV4-34/IGHG1/IGKC/IGHV5-51/IGHV1-18/IGLC3/IGHV3-49/IGHG3/IGLC2/IGHV3-33/IGHV1-24/IGHV3-23/IGHV3-21/IGHV3-11/IGHV3-66/IGHV3-20/IGHV3-15/EXO1/IGHV3-7/IGHV4-28/C1QB/IGHV3-48/IGHV3-43/IGHA1/IGHV2-5/IGHG2/C1QC/IGHV4-61/CLU/IGHA2/IGHV3-30/IGHV1-69/IGLC6/IGHG4/IGHV3-64/IGHV3-74/IGHV3-53/IGLL1/IGHV1-69D/IGHV6-1/IGHV3-73/IGHV2-70D/IGHV4-39",44
"GO:0006910","GO:0006910","phagocytosis, recognition","40/362","85/15881",2.69920422571046e-43,1.63463807909025e-40,1.55246861992442e-40,"IGHV4-59/IGHV4-34/IGHG1/IGKC/IGHV5-51/IGHV1-18/IGLC3/IGHV3-49/IGHG3/IGLC2/IGHV3-33/IGHV1-24/IGHV3-23/IGHV3-21/IGHV3-11/IGHV3-66/IGHV3-20/IGHV3-15/IGHV3-7/IGHV4-28/IGHV3-48/IGHV3-43/IGHA1/IGHV2-5/IGHG2/IGHV4-61/IGHA2/IGHV3-30/IGHV1-69/IGLC6/IGHG4/IGHV3-64/IGHV3-74/IGHV3-53/IGLL1/IGHV1-69D/IGHV6-1/IGHV3-73/IGHV2-70D/IGHV4-39",40
"GO:0002440","GO:0002440","production of molecular mediator of immune response","59/362","285/15881",9.88287299755012e-40,4.98755657276363e-37,4.73684368935209e-37,"IGKV4-1/MZB1/IGKC/IGKV1-5/IGLV2-14/IGKV3-15/IGLV1-40/IGLV2-11/IGLV3-25/IGLV4-69/IGKV1-16/POLQ/IGLV9-49/IGKV5-2/IGLV6-57/IGLV1-44/IGLV2-23/IGKV1-12/EXO1/IGLV7-46/IGLV3-19/IGKV1-8/IGLV3-21/IGKV3-20/IGKV1-9/IGLV3-16/IGLV1-47/IGKV1-27/IGKV1D-8/IGKV2-30/IGLV3-10/IGKV1-6/IGKV3D-11/IGLV8-61/IGKV1D-12/IGLV5-45/IGLV1-51/INAVA/IGLV2-8/IGKV1-17/IGLV4-60/IGKV2-24/IGLV7-43/IGKV2-29/IGLV3-27/IGKV1-13/IGKV1D-17/IGLV5-48/IGKV3D-20/IGKV3D-15/IGLV5-37/IGLV1-36/IGKV1D-43/IGKV3-7/RBP4/IGKV1-39/IGLV3-9/IGLV10-54/IGKV2D-26",59
"GO:0006959","GO:0006959","humoral immune response","54/362","247/15881",1.12201891095146e-37,4.85353323194433e-35,4.60955739055549e-35,"IGHV4-59/IGHV4-34/IGHG1/IGKC/IGHV5-51/IGHV1-18/IGLC3/JCHAIN/IGHV3-49/IGHG3/IGLC2/IGHV3-33/IGHV1-24/IGHV3-23/IGHV3-21/IGHV3-11/IGHV3-66/IGHV3-20/IGHV3-15/EXO1/H2BC7/IGHV3-7/IGHV4-28/C1QB/IGHV3-48/IGKV3-20/IGHV3-43/IGHA1/IGHV2-5/IGHG2/CXCL13/C1QC/IGHV4-61/DEFA4/CLU/IGHA2/IGHV3-30/IGHV1-69/IGLC6/IGHG4/IGHV3-64/IGHV3-74/CD5L/IGHV3-53/IGLL1/PF4V1/IGHV1-69D/IGHV6-1/IGHV3-73/DEFA3/IGHV2-70D/LTF/MASP1/IGHV4-39",54
"GO:0006911","GO:0006911","phagocytosis, engulfment","40/362","114/15881",4.92175476199382e-37,1.86288417741466e-34,1.76924131707462e-34,"IGHV4-59/IGHV4-34/IGHG1/IGKC/IGHV5-51/IGHV1-18/IGLC3/IGHV3-49/IGHG3/IGLC2/IGHV3-33/IGHV1-24/IGHV3-23/IGHV3-21/IGHV3-11/IGHV3-66/IGHV3-20/IGHV3-15/IGHV3-7/IGHV4-28/IGHV3-48/IGHV3-43/IGHA1/IGHV2-5/IGHG2/IGHV4-61/IGHA2/IGHV3-30/IGHV1-69/IGLC6/IGHG4/IGHV3-64/IGHV3-74/IGHV3-53/IGLL1/IGHV1-69D/IGHV6-1/IGHV3-73/IGHV2-70D/IGHV4-39",40
"GO:0099024","GO:0099024","plasma membrane invagination","41/362","123/15881",6.93143483772553e-37,2.23965570741772e-34,2.12707341745993e-34,"IGHV4-59/IGHV4-34/IGHG1/IGKC/IGHV5-51/IGHV1-18/AURKB/IGLC3/IGHV3-49/IGHG3/IGLC2/IGHV3-33/IGHV1-24/IGHV3-23/IGHV3-21/IGHV3-11/IGHV3-66/IGHV3-20/IGHV3-15/IGHV3-7/IGHV4-28/IGHV3-48/IGHV3-43/IGHA1/IGHV2-5/IGHG2/IGHV4-61/IGHA2/IGHV3-30/IGHV1-69/IGLC6/IGHG4/IGHV3-64/IGHV3-74/IGHV3-53/IGLL1/IGHV1-69D/IGHV6-1/IGHV3-73/IGHV2-70D/IGHV4-39",41
"GO:0050853","GO:0050853","B cell receptor signaling pathway","40/362","115/15881",7.39648516320252e-37,2.23965570741772e-34,2.12707341745993e-34,"IGHV4-59/IGHV4-34/IGHG1/IGKC/IGHV5-51/IGHV1-18/IGLC3/IGHV3-49/IGHG3/IGLC2/IGHV3-33/IGHV1-24/IGHV3-23/IGHV3-21/IGHV3-11/IGHV3-66/IGHV3-20/IGHV3-15/IGHV3-7/IGHV4-28/IGHV3-48/IGHV3-43/IGHA1/IGHV2-5/IGHG2/IGHV4-61/IGHA2/IGHV3-30/IGHV1-69/IGLC6/IGHG4/IGHV3-64/IGHV3-74/IGHV3-53/IGLL1/IGHV1-69D/IGHV6-1/IGHV3-73/IGHV2-70D/IGHV4-39",40
"GO:0010324","GO:0010324","membrane invagination","41/362","131/15881",1.31738983606484e-35,3.62641493054939e-33,3.44412347572166e-33,"IGHV4-59/IGHV4-34/IGHG1/IGKC/IGHV5-51/IGHV1-18/AURKB/IGLC3/IGHV3-49/IGHG3/IGLC2/IGHV3-33/IGHV1-24/IGHV3-23/IGHV3-21/IGHV3-11/IGHV3-66/IGHV3-20/IGHV3-15/IGHV3-7/IGHV4-28/IGHV3-48/IGHV3-43/IGHA1/IGHV2-5/IGHG2/IGHV4-61/IGHA2/IGHV3-30/IGHV1-69/IGLC6/IGHG4/IGHV3-64/IGHV3-74/IGHV3-53/IGLL1/IGHV1-69D/IGHV6-1/IGHV3-73/IGHV2-70D/IGHV4-39",41
"GO:0050871","GO:0050871","positive regulation of B cell activation","40/362","139/15881",3.98840391557675e-33,1.0064072546972e-30,9.55817499768043e-31,"IGHV4-59/IGHV4-34/IGHG1/IGKC/IGHV5-51/IGHV1-18/IGLC3/IGHV3-49/IGHG3/IGLC2/IGHV3-33/IGHV1-24/IGHV3-23/IGHV3-21/IGHV3-11/IGHV3-66/IGHV3-20/IGHV3-15/IGHV3-7/IGHV4-28/IGHV3-48/IGHV3-43/IGHA1/IGHV2-5/IGHG2/IGHV4-61/IGHA2/IGHV3-30/IGHV1-69/IGLC6/IGHG4/IGHV3-64/IGHV3-74/IGHV3-53/IGLL1/IGHV1-69D/IGHV6-1/IGHV3-73/IGHV2-70D/IGHV4-39",40
"GO:0016064","GO:0016064","immunoglobulin mediated immune response","44/362","187/15881",3.14109552057063e-32,7.31633633560605e-30,6.94856110299511e-30,"IGHV4-59/IGHV4-34/IGHG1/IGKC/IGHV5-51/IGHV1-18/IGLC3/IGHV3-49/IGHG3/IGLC2/IGHV3-33/IGHV1-24/IGHV3-23/IGHV3-21/IGHV3-11/IGHV3-66/IGHV3-20/IGHV3-15/EXO1/IGHV3-7/IGHV4-28/C1QB/IGHV3-48/IGHV3-43/IGHA1/IGHV2-5/IGHG2/C1QC/IGHV4-61/CLU/IGHA2/IGHV3-30/IGHV1-69/IGLC6/IGHG4/IGHV3-64/IGHV3-74/IGHV3-53/IGLL1/IGHV1-69D/IGHV6-1/IGHV3-73/IGHV2-70D/IGHV4-39",44
"GO:0019724","GO:0019724","B cell mediated immunity","44/362","190/15881",6.55153636474431e-32,1.41700372231756e-29,1.34577423672793e-29,"IGHV4-59/IGHV4-34/IGHG1/IGKC/IGHV5-51/IGHV1-18/IGLC3/IGHV3-49/IGHG3/IGLC2/IGHV3-33/IGHV1-24/IGHV3-23/IGHV3-21/IGHV3-11/IGHV3-66/IGHV3-20/IGHV3-15/EXO1/IGHV3-7/IGHV4-28/C1QB/IGHV3-48/IGHV3-43/IGHA1/IGHV2-5/IGHG2/C1QC/IGHV4-61/CLU/IGHA2/IGHV3-30/IGHV1-69/IGLC6/IGHG4/IGHV3-64/IGHV3-74/IGHV3-53/IGLL1/IGHV1-69D/IGHV6-1/IGHV3-73/IGHV2-70D/IGHV4-39",44
"GO:0042742","GO:0042742","defense response to bacterium","49/362","259/15881",4.49267532113868e-31,9.06921391493861e-29,8.61332559814096e-29,"IGHV4-59/IGHV4-34/IGHG1/IGKC/IGHV5-51/IGHV1-18/IGLC3/JCHAIN/IGHV3-49/IGHG3/IGLC2/IGHV3-33/IGHV1-24/IGHV3-23/IGHV3-21/IGHV3-11/IGHV3-66/IGHV3-20/IGHV3-15/H2BC7/IGHV3-7/IGHV4-28/IGHV3-48/IGKV3-20/IGHV3-43/IGHA1/IGHV2-5/IGHG2/CXCL13/IGHV4-61/DEFA4/IGHA2/IGHV3-30/IGHV1-69/IGLC6/IGHG4/IGHV3-64/IGHV3-74/PRKD1/IGHV3-53/IGLL1/IGHV1-69D/IGHV6-1/IGHV3-73/DEFA3/IGHV2-70D/LTF/ANXA3/IGHV4-39",49
"GO:0050864","GO:0050864","regulation of B cell activation","41/362","183/15881",3.65078386085228e-29,6.90910845666295e-27,6.5618036235845e-27,"IGHV4-59/IGHV4-34/IGHG1/MZB1/IGKC/IGHV5-51/IGHV1-18/IGLC3/IGHV3-49/IGHG3/IGLC2/IGHV3-33/IGHV1-24/IGHV3-23/IGHV3-21/IGHV3-11/IGHV3-66/IGHV3-20/IGHV3-15/IGHV3-7/IGHV4-28/IGHV3-48/IGHV3-43/IGHA1/IGHV2-5/IGHG2/IGHV4-61/IGHA2/IGHV3-30/IGHV1-69/IGLC6/IGHG4/IGHV3-64/IGHV3-74/IGHV3-53/IGLL1/IGHV1-69D/IGHV6-1/IGHV3-73/IGHV2-70D/IGHV4-39",41
"GO:0008037","GO:0008037","cell recognition","41/362","198/15881",1.0148892334757e-27,1.80769682292025e-25,1.71682810269697e-25,"IGHV4-59/IGHV4-34/IGHG1/IGKC/IGHV5-51/IGHV1-18/IGLC3/IGHV3-49/IGHG3/IGLC2/IGHV3-33/IGHV1-24/IGHV3-23/IGHV3-21/IGHV3-11/IGHV3-66/IGHV3-20/IGHV3-15/IGHV3-7/IGHV4-28/IGHV3-48/IGHV3-43/IGHA1/IGHV2-5/IGHG2/IGHV4-61/IGHA2/IGHV3-30/IGHV1-69/IGLC6/IGHG4/IGHV3-64/IGHV3-74/IGHV3-53/IGLL1/IGHV1-69D/IGHV6-1/IGHV3-73/IGHV2-70D/ROBO1/IGHV4-39",41
"GO:0050851","GO:0050851","antigen receptor-mediated signaling pathway","40/362","222/15881",1.22883123636638e-24,2.06716721317633e-22,1.96325551915377e-22,"IGHV4-59/IGHV4-34/IGHG1/IGKC/IGHV5-51/IGHV1-18/IGLC3/IGHV3-49/IGHG3/IGLC2/IGHV3-33/IGHV1-24/IGHV3-23/IGHV3-21/IGHV3-11/IGHV3-66/IGHV3-20/IGHV3-15/IGHV3-7/IGHV4-28/IGHV3-48/IGHV3-43/IGHA1/IGHV2-5/IGHG2/IGHV4-61/IGHA2/IGHV3-30/IGHV1-69/IGLC6/IGHG4/IGHV3-64/IGHV3-74/IGHV3-53/IGLL1/IGHV1-69D/IGHV6-1/IGHV3-73/IGHV2-70D/IGHV4-39",40
"GO:0002460","GO:0002460","adaptive immune response based on somatic recombination of immune receptors built from immunoglobulin superfamily domains","46/362","330/15881",2.64183057703842e-23,4.21024367751175e-21,3.99860450773903e-21,"IGHV4-59/IGHV4-34/IGHG1/IGKC/IGHV5-51/IGHV1-18/IGLC3/IGHV3-49/IGHG3/IGLC2/IGHV3-33/IGHV1-24/IGHV3-23/IGHV3-21/IGHV3-11/IGHV3-66/IGHV3-20/IGHV3-15/EXO1/IGHV3-7/IGHV4-28/C1QB/IGHV3-48/TMEM98/IGHV3-43/IGHA1/IGHV2-5/IGHG2/CXCL13/C1QC/IGHV4-61/CLU/IGHA2/IGHV3-30/IGHV1-69/IGLC6/IGHG4/IGHV3-64/IGHV3-74/IGHV3-53/IGLL1/IGHV1-69D/IGHV6-1/IGHV3-73/IGHV2-70D/IGHV4-39",46
"GO:0006909","GO:0006909","phagocytosis","43/362","287/15881",4.28199147757901e-23,6.48293509705461e-21,6.1570530088136e-21,"IGHV4-59/IGHV4-34/IGHG1/IGKC/IGHV5-51/IGHV1-18/IGLC3/IGHV3-49/IGHG3/IGLC2/IGHV3-33/IGHV1-24/IGHV3-23/IGHV3-21/IGHV3-11/IGHV3-66/IGHV3-20/IGHV3-15/TXNDC5/IGHV3-7/IGHV4-28/IGHV3-48/IGHV3-43/IGHA1/IGHV2-5/IGHG2/IGHV4-61/IGHA2/IGHV3-30/IGHV1-69/IGLC6/IGHG4/IGHV3-64/IGHV3-74/IGHV3-53/IGLL1/IGHV1-69D/MET/IGHV6-1/IGHV3-73/IGHV2-70D/ANXA3/IGHV4-39",43
"GO:0002449","GO:0002449","lymphocyte mediated immunity","44/362","323/15881",6.52022071194882e-22,9.40153729322906e-20,8.92894385215247e-20,"IGHV4-59/IGHV4-34/IGHG1/IGKC/IGHV5-51/IGHV1-18/IGLC3/IGHV3-49/IGHG3/IGLC2/IGHV3-33/IGHV1-24/IGHV3-23/IGHV3-21/IGHV3-11/IGHV3-66/IGHV3-20/IGHV3-15/EXO1/IGHV3-7/IGHV4-28/C1QB/IGHV3-48/IGHV3-43/IGHA1/IGHV2-5/IGHG2/C1QC/IGHV4-61/CLU/IGHA2/IGHV3-30/IGHV1-69/IGLC6/IGHG4/IGHV3-64/IGHV3-74/IGHV3-53/IGLL1/IGHV1-69D/IGHV6-1/IGHV3-73/IGHV2-70D/IGHV4-39",44
"GO:0002253","GO:0002253","activation of immune response","45/362","346/15881",1.46309235659314e-21,2.01374711625638e-19,1.91252072641745e-19,"IGHV4-59/IGHV4-34/IGHG1/IGKC/IGHV5-51/IGHV1-18/IGLC3/IGHV3-49/IGHG3/IGLC2/IGHV3-33/IGHV1-24/IGHV3-23/IGHV3-21/IGHV3-11/IGHV3-66/IGHV3-20/IGHV3-15/IGHV3-7/IGHV4-28/C1QB/IGHV3-48/IGHV3-43/IGHA1/IGHV2-5/IGHG2/C1QC/IGHV4-61/CLU/IGHA2/IGHV3-30/IGHV1-69/IGLC6/IGHG4/IGHV3-64/IGHV3-74/CD5L/IGHV3-53/IGLL1/IGHV1-69D/IGHV6-1/IGHV3-73/IGHV2-70D/MASP1/IGHV4-39",45
"GO:0002429","GO:0002429","immune response-activating cell surface receptor signaling pathway","40/362","270/15881",2.35971580152923e-21,2.97717476959605e-19,2.8275191095517e-19,"IGHV4-59/IGHV4-34/IGHG1/IGKC/IGHV5-51/IGHV1-18/IGLC3/IGHV3-49/IGHG3/IGLC2/IGHV3-33/IGHV1-24/IGHV3-23/IGHV3-21/IGHV3-11/IGHV3-66/IGHV3-20/IGHV3-15/IGHV3-7/IGHV4-28/IGHV3-48/IGHV3-43/IGHA1/IGHV2-5/IGHG2/IGHV4-61/IGHA2/IGHV3-30/IGHV1-69/IGLC6/IGHG4/IGHV3-64/IGHV3-74/IGHV3-53/IGLL1/IGHV1-69D/IGHV6-1/IGHV3-73/IGHV2-70D/IGHV4-39",40
"GO:0002757","GO:0002757","immune response-activating signal transduction","40/362","270/15881",2.35971580152923e-21,2.97717476959605e-19,2.8275191095517e-19,"IGHV4-59/IGHV4-34/IGHG1/IGKC/IGHV5-51/IGHV1-18/IGLC3/IGHV3-49/IGHG3/IGLC2/IGHV3-33/IGHV1-24/IGHV3-23/IGHV3-21/IGHV3-11/IGHV3-66/IGHV3-20/IGHV3-15/IGHV3-7/IGHV4-28/IGHV3-48/IGHV3-43/IGHA1/IGHV2-5/IGHG2/IGHV4-61/IGHA2/IGHV3-30/IGHV1-69/IGLC6/IGHG4/IGHV3-64/IGHV3-74/IGHV3-53/IGLL1/IGHV1-69D/IGHV6-1/IGHV3-73/IGHV2-70D/IGHV4-39",40
"GO:0042113","GO:0042113","B cell activation","42/362","303/15881",3.03274225417284e-21,3.67325741825415e-19,3.48861130037904e-19,"IGHV4-59/IGHV4-34/IGHG1/MZB1/IGKC/IGHV5-51/IGHV1-18/IGLC3/IGHV3-49/IGHG3/IGLC2/IGHV3-33/IGHV1-24/IGHV3-23/IGHV3-21/IGHV3-11/IGHV3-66/IGHV3-20/IGHV3-15/EXO1/IGHV3-7/IGHV4-28/IGHV3-48/IGHV3-43/IGHA1/IGHV2-5/IGHG2/IGHV4-61/IGHA2/IGHV3-30/IGHV1-69/IGLC6/IGHG4/IGHV3-64/IGHV3-74/IGHV3-53/IGLL1/IGHV1-69D/IGHV6-1/IGHV3-73/IGHV2-70D/IGHV4-39",42
"GO:0002768","GO:0002768","immune response-regulating cell surface receptor signaling pathway","40/362","294/15881",5.67671481341724e-20,6.61118940577977e-18,6.27886027135866e-18,"IGHV4-59/IGHV4-34/IGHG1/IGKC/IGHV5-51/IGHV1-18/IGLC3/IGHV3-49/IGHG3/IGLC2/IGHV3-33/IGHV1-24/IGHV3-23/IGHV3-21/IGHV3-11/IGHV3-66/IGHV3-20/IGHV3-15/IGHV3-7/IGHV4-28/IGHV3-48/IGHV3-43/IGHA1/IGHV2-5/IGHG2/IGHV4-61/IGHA2/IGHV3-30/IGHV1-69/IGLC6/IGHG4/IGHV3-64/IGHV3-74/IGHV3-53/IGLL1/IGHV1-69D/IGHV6-1/IGHV3-73/IGHV2-70D/IGHV4-39",40
"GO:0051251","GO:0051251","positive regulation of lymphocyte activation","42/362","339/15881",2.27658246460374e-19,2.55314507511856e-17,2.42480440284499e-17,"IGHV4-59/IGHV4-34/IGHG1/IGKC/IGHV5-51/IGHV1-18/IGLC3/IGHV3-49/IGHG3/IGLC2/IGHV3-33/IGHV1-24/IGHV3-23/IGHV3-21/IGHV3-11/IGHV3-66/IGHV3-20/IGHV3-15/IGHV3-7/IGHV4-28/IGHV3-48/IGHV3-43/IGF1/IGHA1/IGHV2-5/IGHG2/CAV1/IGHV4-61/IGHA2/IGHV3-30/IGHV1-69/IGLC6/IGHG4/IGHV3-64/IGHV3-74/IGHV3-53/IGLL1/IGHV1-69D/IGHV6-1/IGHV3-73/IGHV2-70D/IGHV4-39",42
"GO:0002443","GO:0002443","leukocyte mediated immunity","45/362","413/15881",1.81211969768901e-18,1.9596780159294e-16,1.86116955416781e-16,"IGHV4-59/IGHV4-34/IGHG1/IGKC/IGHV5-51/IGHV1-18/IGLC3/IGHV3-49/IGHG3/IGLC2/IGHV3-33/IGHV1-24/IGHV3-23/IGHV3-21/IGHV3-11/IGHV3-66/IGHV3-20/IGHV3-15/EXO1/IGHV3-7/IGHV4-28/C1QB/IGHV3-48/IGHV3-43/IGHA1/IGHV2-5/IGHG2/C1QC/IGHV4-61/CLU/IGHA2/IGHV3-30/IGHV1-69/IGLC6/IGHG4/IGHV3-64/IGHV3-74/IGHV3-53/IGLL1/IGHV1-69D/IGHV6-1/IGHV3-73/IGHV2-70D/ANXA3/IGHV4-39",45
"GO:0002696","GO:0002696","positive regulation of leukocyte activation","43/362","380/15881",2.66204075349758e-18,2.77953772468644e-16,2.63981681980232e-16,"IGHV4-59/IGHV4-34/IGHG1/IGKC/IGHV5-51/IGHV1-18/IGLC3/IGHV3-49/IGHG3/IGLC2/IGHV3-33/IGHV1-24/IGHV3-23/IGHV3-21/IGHV3-11/IGHV3-66/IGHV3-20/IGHV3-15/IGHV3-7/IGHV4-28/IGHV3-48/IGHV3-43/IGF1/IGHA1/IGHV2-5/IGHG2/CAV1/IGHV4-61/IGHA2/IGHV3-30/IGHV1-69/IGLC6/IGHG4/IGHV3-64/IGHV3-74/IGHV3-53/IGLL1/IGHV1-69D/IGHV6-1/IGHV3-73/IGHV2-70D/MMP8/IGHV4-39",43
"GO:0050867","GO:0050867","positive regulation of cell activation","43/362","390/15881",7.09668621631183e-18,7.16292195433074e-16,6.80285850630313e-16,"IGHV4-59/IGHV4-34/IGHG1/IGKC/IGHV5-51/IGHV1-18/IGLC3/IGHV3-49/IGHG3/IGLC2/IGHV3-33/IGHV1-24/IGHV3-23/IGHV3-21/IGHV3-11/IGHV3-66/IGHV3-20/IGHV3-15/IGHV3-7/IGHV4-28/IGHV3-48/IGHV3-43/IGF1/IGHA1/IGHV2-5/IGHG2/CAV1/IGHV4-61/IGHA2/IGHV3-30/IGHV1-69/IGLC6/IGHG4/IGHV3-64/IGHV3-74/IGHV3-53/IGLL1/IGHV1-69D/IGHV6-1/IGHV3-73/IGHV2-70D/MMP8/IGHV4-39",43
"GO:0002764","GO:0002764","immune response-regulating signaling pathway","43/362","439/15881",5.63464644793678e-16,5.50377724011374e-14,5.22711514287378e-14,"IGHV4-59/IGHV4-34/IGHG1/IGKC/IGHV5-51/IGHV1-18/IGLC3/IGHV3-49/IGHG3/IGLC2/IGHV3-33/IGHV1-24/IGHV3-23/IGHV3-21/IGHV3-11/IGHV3-66/IGHV3-20/IGHV3-15/IGHV3-7/IGHV4-28/IGHV3-48/IGHV3-43/IGHA1/IGHV2-5/IGHG2/CAV1/IGHV4-61/IGHA2/IGHV3-30/IGHV1-69/IGLC6/IGHG4/IGHV3-64/INAVA/IGHV3-74/IGHV3-53/IGLL1/IGHV1-69D/IGHV6-1/IGHV3-73/IGHV2-70D/LTF/IGHV4-39",43
"GO:0007059","GO:0007059","chromosome segregation","37/362","329/15881",8.68628509390569e-16,8.21939727010826e-14,7.80622726202314e-14,"MKI67/PLK1/BIRC5/CDC20/HJURP/UBE2C/CDCA2/CDT1/KIF4A/AURKB/TOP2A/ZWINT/ESPL1/SPC24/CDC6/NCAPG/KIF14/CENPF/KNL1/BUB1/KIF2C/TRIP13/NUF2/KIF18B/CDCA5/BUB1B/SKA3/SKA1/SPC25/KIFC1/NEK2/DLGAP5/ESCO2/OIP5/TTK/DMC1/DSCC1",37
"GO:0140014","GO:0140014","mitotic nuclear division","34/362","279/15881",1.21354811270055e-15,1.11352232886584e-13,1.05754814797381e-13,"MKI67/PLK1/MYBL2/TPX2/PKMYT1/CDC20/UBE2C/CDCA2/CDT1/KIF4A/AURKB/ZWINT/ESPL1/CDC6/CDC25C/NCAPG/KIF14/CENPF/ANLN/BUB1/KIF2C/TRIP13/NUF2/KIF18B/CDCA5/BUB1B/KIFC1/NEK2/DLGAP5/KIF15/TTK/IGF1/FBXO43/DSCC1",34
"GO:0000280","GO:0000280","nuclear division","41/362","418/15881",2.70283419074329e-15,2.40711233222667e-13,2.28611238672157e-13,"MKI67/PLK1/MYBL2/TPX2/PKMYT1/CDC20/UBE2C/CDCA2/CDT1/KIF4A/AURKB/TOP2A/ZWINT/ESPL1/CCNB2/CDC6/CDC25C/NCAPG/RAD51/KIF14/CENPF/ASPM/ANLN/BUB1/KIF2C/RAD54L/TRIP13/NUF2/KIF18B/CDCA5/BUB1B/KIFC1/NEK2/DLGAP5/KIF15/MND1/TTK/DMC1/IGF1/FBXO43/DSCC1",41
"GO:0051249","GO:0051249","regulation of lymphocyte activation","44/362","481/15881",3.0927978373347e-15,2.67571195755699e-13,2.54121013281155e-13,"IGHV4-59/IGHV4-34/IGHG1/MZB1/IGKC/IGHV5-51/IGHV1-18/IGLC3/IGHV3-49/IGHG3/IGLC2/IGHV3-33/IGHV1-24/IGHV3-23/IGHV3-21/IGHV3-11/IGHV3-66/IGHV3-20/IGHV3-15/IGHV3-7/IGHV4-28/IGHV3-48/IGHV3-43/IGF1/IGHA1/IGHV2-5/IGHG2/CAV1/IGHV4-61/IGHA2/IGHV3-30/IGHV1-69/IGLC6/IGHG4/IGHV3-64/IGHV3-74/IGHV3-53/IGLL1/IGHV1-69D/IGHV6-1/IGHV3-73/IGHV2-70D/PLA2G2F/IGHV4-39",44
"GO:0048285","GO:0048285","organelle fission","42/362","466/15881",2.32166430014044e-14,1.95277763911813e-12,1.85461604327008e-12,"MKI67/PLK1/MYBL2/TPX2/PKMYT1/CDC20/UBE2C/CDCA2/CDT1/KIF4A/AURKB/TOP2A/ZWINT/ESPL1/CCNB2/CDC6/CDC25C/NCAPG/RAD51/KIF14/CENPF/ASPM/ANLN/BUB1/KIF2C/RAD54L/TRIP13/NUF2/KIF18B/CDCA5/BUB1B/KIFC1/NEK2/DLGAP5/KIF15/MND1/TTK/DMC1/IGF1/FBXO43/DSCC1/PPARG",42
"GO:0000819","GO:0000819","sister chromatid segregation","26/362","193/15881",2.93107349195191e-13,2.39872717125146e-11,2.27814872831085e-11,"PLK1/CDC20/UBE2C/CDT1/KIF4A/AURKB/TOP2A/ZWINT/ESPL1/CDC6/NCAPG/KIF14/CENPF/BUB1/KIF2C/TRIP13/NUF2/KIF18B/CDCA5/BUB1B/KIFC1/NEK2/DLGAP5/ESCO2/TTK/DSCC1",26
"GO:0000070","GO:0000070","mitotic sister chromatid segregation","24/362","165/15881",4.48750045745759e-13,3.57582931188989e-11,3.3960806786078e-11,"PLK1/CDC20/UBE2C/CDT1/KIF4A/AURKB/ZWINT/ESPL1/CDC6/NCAPG/KIF14/CENPF/BUB1/KIF2C/TRIP13/NUF2/KIF18B/CDCA5/BUB1B/KIFC1/NEK2/DLGAP5/TTK/DSCC1",24
"GO:0098813","GO:0098813","nuclear chromosome segregation","28/362","267/15881",1.75198006141507e-11,1.36025528870893e-09,1.29187841505694e-09,"PLK1/CDC20/UBE2C/CDT1/KIF4A/AURKB/TOP2A/ZWINT/ESPL1/CDC6/NCAPG/KIF14/CENPF/KNL1/BUB1/KIF2C/TRIP13/NUF2/KIF18B/CDCA5/BUB1B/KIFC1/NEK2/DLGAP5/ESCO2/TTK/DMC1/DSCC1",28
"GO:0007088","GO:0007088","regulation of mitotic nuclear division","18/362","104/15881",2.02053567782673e-11,1.52954550811483e-09,1.45265880837438e-09,"MKI67/PLK1/PKMYT1/CDCA2/CDT1/AURKB/ZWINT/ESPL1/CDC25C/CENPF/BUB1/TRIP13/BUB1B/NEK2/DLGAP5/TTK/IGF1/FBXO43",18
"GO:0051983","GO:0051983","regulation of chromosome segregation","16/362","84/15881",5.96604552290906e-11,4.40614288862649e-09,4.18465632056163e-09,"MKI67/PLK1/UBE2C/CDCA2/CDT1/AURKB/ZWINT/ESPL1/CDC6/CENPF/BUB1/KIF2C/TRIP13/BUB1B/DLGAP5/TTK",16
"GO:0044772","GO:0044772","mitotic cell cycle phase transition","33/362","388/15881",7.81707815403971e-11,5.63574110724577e-09,5.35244549294148e-09,"PLK1/FOXM1/CCNA2/PKMYT1/UBE2C/CDT1/AURKB/DTL/ZWINT/ESPL1/E2F1/CCNB2/CDC6/CLSPN/CDC25A/CDC25C/GTSE1/KIF14/CENPF/ANLN/BUB1/TRIP13/CDCA5/CDKN3/BUB1B/DLGAP5/ORC1/CDK1/MELK/TICRR/TTK/E2F7/IQGAP3",33
"GO:0051783","GO:0051783","regulation of nuclear division","19/362","129/15881",1.03200864278966e-10,7.26726086131885e-09,6.90195253880383e-09,"MKI67/PLK1/PKMYT1/CDC20/CDCA2/CDT1/AURKB/ZWINT/ESPL1/CDC25C/CENPF/BUB1/TRIP13/BUB1B/NEK2/DLGAP5/TTK/IGF1/FBXO43",19
"GO:0007346","GO:0007346","regulation of mitotic cell cycle","33/362","414/15881",4.25318709127881e-10,2.92696602554369e-08,2.7798342424339e-08,"MKI67/PLK1/PKMYT1/UBE2C/CDCA2/CDT1/AURKB/DTL/ZWINT/ESPL1/E2F1/CDC6/CLSPN/CDC25A/CDC25C/GTSE1/KIF14/CENPF/ANLN/BUB1/TRIP13/CDCA5/BUB1B/NEK2/DLGAP5/ORC1/CDK1/TICRR/TTK/TP73/IGF1/FBXO43/E2F7",33
"GO:1901990","GO:1901990","regulation of mitotic cell cycle phase transition","26/362","266/15881",4.46245194159398e-10,2.97813348010495e-08,2.82842962791028e-08,"PLK1/UBE2C/CDT1/AURKB/DTL/ZWINT/ESPL1/E2F1/CDC6/CLSPN/CDC25A/CDC25C/GTSE1/KIF14/CENPF/ANLN/BUB1/TRIP13/CDCA5/BUB1B/DLGAP5/ORC1/CDK1/TICRR/TTK/E2F7",26
"GO:0030071","GO:0030071","regulation of mitotic metaphase/anaphase transition","13/362","58/15881",4.52424504903658e-10,2.97813348010495e-08,2.82842962791028e-08,"PLK1/UBE2C/CDT1/AURKB/ZWINT/ESPL1/CDC6/CENPF/BUB1/TRIP13/BUB1B/DLGAP5/TTK",13
"GO:0007091","GO:0007091","metaphase/anaphase transition of mitotic cell cycle","13/362","60/15881",7.10912414766576e-10,4.48467248315248e-08,4.25923841478571e-08,"PLK1/UBE2C/CDT1/AURKB/ZWINT/ESPL1/CDC6/CENPF/BUB1/TRIP13/BUB1B/DLGAP5/TTK",13
"GO:1902099","GO:1902099","regulation of metaphase/anaphase transition of cell cycle","13/362","60/15881",7.10912414766576e-10,4.48467248315248e-08,4.25923841478571e-08,"PLK1/UBE2C/CDT1/AURKB/ZWINT/ESPL1/CDC6/CENPF/BUB1/TRIP13/BUB1B/DLGAP5/TTK",13
"GO:0010965","GO:0010965","regulation of mitotic sister chromatid separation","13/362","62/15881",1.09704633440405e-09,6.64371260115093e-08,6.30974860124604e-08,"PLK1/UBE2C/CDT1/AURKB/ZWINT/ESPL1/CDC6/CENPF/BUB1/TRIP13/BUB1B/DLGAP5/TTK",13
"GO:0044784","GO:0044784","metaphase/anaphase transition of cell cycle","13/362","62/15881",1.09704633440405e-09,6.64371260115093e-08,6.30974860124604e-08,"PLK1/UBE2C/CDT1/AURKB/ZWINT/ESPL1/CDC6/CENPF/BUB1/TRIP13/BUB1B/DLGAP5/TTK",13
"GO:0051306","GO:0051306","mitotic sister chromatid separation","13/362","64/15881",1.66468574959164e-09,9.88366362698725e-08,9.38683481503482e-08,"PLK1/UBE2C/CDT1/AURKB/ZWINT/ESPL1/CDC6/CENPF/BUB1/TRIP13/BUB1B/DLGAP5/TTK",13
"GO:0044770","GO:0044770","cell cycle phase transition","34/362","474/15881",3.54524654999733e-09,2.05286580601838e-07,1.94967301051318e-07,"PLK1/FOXM1/CCNA2/PKMYT1/UBE2C/CDT1/AURKB/DTL/ZWINT/ESPL1/E2F1/CCNB2/CDC6/CLSPN/CDC25A/CDC25C/GTSE1/CDC45/KIF14/CENPF/ANLN/BUB1/TRIP13/CDCA5/CDKN3/BUB1B/DLGAP5/ORC1/CDK1/MELK/TICRR/TTK/E2F7/IQGAP3",34
"GO:0033045","GO:0033045","regulation of sister chromatid segregation","13/362","68/15881",3.66098921813053e-09,2.05286580601838e-07,1.94967301051318e-07,"PLK1/UBE2C/CDT1/AURKB/ZWINT/ESPL1/CDC6/CENPF/BUB1/TRIP13/BUB1B/DLGAP5/TTK",13
"GO:1905818","GO:1905818","regulation of chromosome separation","13/362","68/15881",3.66098921813053e-09,2.05286580601838e-07,1.94967301051318e-07,"PLK1/UBE2C/CDT1/AURKB/ZWINT/ESPL1/CDC6/CENPF/BUB1/TRIP13/BUB1B/DLGAP5/TTK",13
"GO:0051304","GO:0051304","chromosome separation","14/362","91/15881",1.73641911848643e-08,9.55977652868527e-07,9.07922876881324e-07,"PLK1/UBE2C/CDT1/AURKB/TOP2A/ZWINT/ESPL1/CDC6/CENPF/BUB1/TRIP13/BUB1B/DLGAP5/TTK",14
"GO:0044839","GO:0044839","cell cycle G2/M phase transition","17/362","141/15881",2.2581227006515e-08,1.22099920313799e-06,1.15962240943231e-06,"PLK1/FOXM1/CCNA2/PKMYT1/AURKB/DTL/CCNB2/CDC6/CLSPN/CDC25A/CDC25C/KIF14/CENPF/ORC1/CDK1/MELK/TICRR",17
"GO:0007093","GO:0007093","mitotic cell cycle checkpoint signaling","16/362","127/15881",3.1326735777798e-08,1.66416413921355e-06,1.58051047359084e-06,"PLK1/CDT1/AURKB/DTL/ZWINT/CDC6/CLSPN/GTSE1/CENPF/BUB1/TRIP13/BUB1B/ORC1/CDK1/TICRR/TTK",16
"GO:1901987","GO:1901987","regulation of cell cycle phase transition","27/362","349/15881",3.29435147377834e-08,1.71987866596566e-06,1.63342436050135e-06,"PLK1/UBE2C/CDT1/AURKB/DTL/ZWINT/ESPL1/E2F1/CDC6/CLSPN/CDC25A/CDC25C/GTSE1/CDC45/KIF14/CENPF/ANLN/BUB1/TRIP13/CDCA5/BUB1B/DLGAP5/ORC1/CDK1/TICRR/TTK/E2F7",27
"GO:0010948","GO:0010948","negative regulation of cell cycle process","23/362","265/15881",4.38484863843409e-08,2.25039350460651e-06,2.13727145052666e-06,"PLK1/CDT1/AURKB/DTL/ZWINT/ESPL1/E2F1/CDC6/CLSPN/GTSE1/CDC45/CENPF/BUB1/TRIP13/BUB1B/NEK2/ORC1/CDK1/TICRR/TTK/E2F8/FBXO43/E2F7",23
"GO:0000086","GO:0000086","G2/M transition of mitotic cell cycle","16/362","131/15881",4.88764184570893e-08,2.46662991813444e-06,2.34263816183803e-06,"PLK1/FOXM1/CCNA2/PKMYT1/AURKB/DTL/CDC6/CLSPN/CDC25A/CDC25C/KIF14/CENPF/ORC1/CDK1/MELK/TICRR",16
"GO:0000075","GO:0000075","cell cycle checkpoint signaling","18/362","167/15881",5.07921694848206e-08,2.52128998688585e-06,2.39455059590216e-06,"PLK1/CDT1/AURKB/DTL/ZWINT/E2F1/CDC6/CLSPN/GTSE1/CDC45/CENPF/BUB1/TRIP13/BUB1B/ORC1/CDK1/TICRR/TTK",18
"GO:0007094","GO:0007094","mitotic spindle assembly checkpoint signaling","9/362","37/15881",1.06514794577077e-07,5.03948121842793e-06,4.78615820369364e-06,"PLK1/CDT1/AURKB/ZWINT/CENPF/BUB1/TRIP13/BUB1B/TTK",9
"GO:0071173","GO:0071173","spindle assembly checkpoint signaling","9/362","37/15881",1.06514794577077e-07,5.03948121842793e-06,4.78615820369364e-06,"PLK1/CDT1/AURKB/ZWINT/CENPF/BUB1/TRIP13/BUB1B/TTK",9
"GO:0071174","GO:0071174","mitotic spindle checkpoint signaling","9/362","37/15881",1.06514794577077e-07,5.03948121842793e-06,4.78615820369364e-06,"PLK1/CDT1/AURKB/ZWINT/CENPF/BUB1/TRIP13/BUB1B/TTK",9
"GO:0065004","GO:0065004","protein-DNA complex assembly","18/362","176/15881",1.14013234260349e-07,5.31126266677441e-06,5.04427782994775e-06,"HJURP/CDT1/CDC45/RAD51/CENPF/H1-5/H3C3/CENPA/DLGAP5/H2BC7/H3C8/OIP5/DMC1/H2BC14/H3C12/H3C2/H2BC17/HNF1B",18
"GO:1901991","GO:1901991","negative regulation of mitotic cell cycle phase transition","17/362","158/15881",1.23027432891204e-07,5.64434949688734e-06,5.36062115883203e-06,"PLK1/CDT1/AURKB/DTL/ZWINT/CDC6/CLSPN/GTSE1/CENPF/BUB1/TRIP13/BUB1B/ORC1/CDK1/TICRR/TTK/E2F7",17
"GO:0031577","GO:0031577","spindle checkpoint signaling","9/362","38/15881",1.36789813950747e-07,6.1820829349681e-06,5.87132398607135e-06,"PLK1/CDT1/AURKB/ZWINT/CENPF/BUB1/TRIP13/BUB1B/TTK",9
"GO:0051321","GO:0051321","meiotic cell cycle","21/362","241/15881",1.60036725183984e-07,7.12634123319269e-06,6.76811661304403e-06,"PLK1/PKMYT1/CDC20/TOP2A/ESPL1/CCNB2/CDC25A/CDC25C/RAD51/ASPM/BUB1/RAD54L/TRIP13/NUF2/BUB1B/NEK2/EXO1/MND1/TTK/DMC1/FBXO43",21
"GO:0045841","GO:0045841","negative regulation of mitotic metaphase/anaphase transition","9/362","39/15881",1.74283726938039e-07,7.64827717635335e-06,7.26381604873718e-06,"PLK1/CDT1/AURKB/ZWINT/CENPF/BUB1/TRIP13/BUB1B/TTK",9
"GO:1902100","GO:1902100","negative regulation of metaphase/anaphase transition of cell cycle","9/362","40/15881",2.20402426336834e-07,9.53397924211332e-06,9.05472825191322e-06,"PLK1/CDT1/AURKB/ZWINT/CENPF/BUB1/TRIP13/BUB1B/TTK",9
"GO:0033046","GO:0033046","negative regulation of sister chromatid segregation","9/362","41/15881",2.76766167285047e-07,1.14801089662894e-05,1.09030305554831e-05,"PLK1/CDT1/AURKB/ZWINT/CENPF/BUB1/TRIP13/BUB1B/TTK",9
"GO:0033048","GO:0033048","negative regulation of mitotic sister chromatid segregation","9/362","41/15881",2.76766167285047e-07,1.14801089662894e-05,1.09030305554831e-05,"PLK1/CDT1/AURKB/ZWINT/CENPF/BUB1/TRIP13/BUB1B/TTK",9
"GO:2000816","GO:2000816","negative regulation of mitotic sister chromatid separation","9/362","41/15881",2.76766167285047e-07,1.14801089662894e-05,1.09030305554831e-05,"PLK1/CDT1/AURKB/ZWINT/CENPF/BUB1/TRIP13/BUB1B/TTK",9
"GO:1903046","GO:1903046","meiotic cell cycle process","18/362","187/15881",2.85511663605025e-07,1.16828286134597e-05,1.10955599568838e-05,"PLK1/CDC20/TOP2A/ESPL1/CCNB2/CDC25A/CDC25C/RAD51/ASPM/BUB1/RAD54L/TRIP13/NUF2/BUB1B/MND1/TTK/DMC1/FBXO43",18
"GO:1902850","GO:1902850","microtubule cytoskeleton organization involved in mitosis","16/362","149/15881",2.97896184021268e-07,1.20270619362186e-05,1.14224894701207e-05,"PLK1/MYBL2/TPX2/CDC20/KIF4A/AURKB/ESPL1/NUF2/SPC25/KIFC1/CENPA/NEK2/DLGAP5/KIF15/TTK/PKHD1",16
"GO:0051784","GO:0051784","negative regulation of nuclear division","10/362","54/15881",3.2796983651467e-07,1.30670087495582e-05,1.24101605728266e-05,"PLK1/CDT1/AURKB/ZWINT/CENPF/BUB1/TRIP13/BUB1B/TTK/FBXO43",10
"GO:0051985","GO:0051985","negative regulation of chromosome segregation","9/362","42/15881",3.45233253868043e-07,1.34021319578517e-05,1.27284379158906e-05,"PLK1/CDT1/AURKB/ZWINT/CENPF/BUB1/TRIP13/BUB1B/TTK",9
"GO:1905819","GO:1905819","negative regulation of chromosome separation","9/362","42/15881",3.45233253868043e-07,1.34021319578517e-05,1.27284379158906e-05,"PLK1/CDT1/AURKB/ZWINT/CENPF/BUB1/TRIP13/BUB1B/TTK",9
"GO:0033047","GO:0033047","regulation of mitotic sister chromatid segregation","9/362","44/15881",5.27254052875262e-07,2.02091806595733e-05,1.9193312091342e-05,"PLK1/CDT1/AURKB/ZWINT/CENPF/BUB1/TRIP13/BUB1B/TTK",9
"GO:0010389","GO:0010389","regulation of G2/M transition of mitotic cell cycle","12/362","90/15881",9.09026198314661e-07,3.44066416062099e-05,3.2677099655206e-05,"PLK1/AURKB/DTL/CDC6/CLSPN/CDC25A/CDC25C/KIF14/CENPF/ORC1/CDK1/TICRR",12
"GO:1901988","GO:1901988","negative regulation of cell cycle phase transition","19/362","224/15881",9.45096653784346e-07,3.52333234227413e-05,3.3462226097104e-05,"PLK1/CDT1/AURKB/DTL/ZWINT/E2F1/CDC6/CLSPN/GTSE1/CDC45/CENPF/BUB1/TRIP13/BUB1B/ORC1/CDK1/TICRR/TTK/E2F7",19
"GO:0045839","GO:0045839","negative regulation of mitotic nuclear division","9/362","47/15881",9.54138877366178e-07,3.52333234227413e-05,3.3462226097104e-05,"PLK1/CDT1/AURKB/ZWINT/CENPF/BUB1/TRIP13/BUB1B/TTK",9
"GO:0071459","GO:0071459","protein localization to chromosome, centromeric region","7/362","25/15881",1.01808798602467e-06,3.71418123094302e-05,3.52747796806519e-05,"CDT1/AURKB/KNL1/BUB1B/CENPA/CDK1/TTK",7
"GO:0000076","GO:0000076","DNA replication checkpoint signaling","6/362","17/15881",1.34689870573634e-06,4.85524914401148e-05,4.61118704770888e-05,"CDT1/CDC6/CLSPN/CDC45/ORC1/TICRR",6
"GO:0045786","GO:0045786","negative regulation of cell cycle","24/362","346/15881",1.40255655216694e-06,4.99640145877823e-05,4.74524396349236e-05,"PLK1/CDT1/AURKB/DTL/ZWINT/ESPL1/E2F1/CDC6/CLSPN/GTSE1/CDC45/CENPF/BUB1/TRIP13/BUB1B/NEK2/ORC1/CDK1/TICRR/TTK/E2F8/MAPK12/FBXO43/E2F7",24
"GO:0140013","GO:0140013","meiotic nuclear division","16/362","171/15881",1.9133725155167e-06,6.73685113602858e-05,6.39820527832513e-05,"PLK1/CDC20/TOP2A/ESPL1/CCNB2/RAD51/ASPM/BUB1/RAD54L/TRIP13/NUF2/BUB1B/MND1/TTK/DMC1/FBXO43",16
"GO:1902749","GO:1902749","regulation of cell cycle G2/M phase transition","12/362","97/15881",2.05055631263603e-06,7.10153941750211e-05,6.74456152701654e-05,"PLK1/AURKB/DTL/CDC6/CLSPN/CDC25A/CDC25C/KIF14/CENPF/ORC1/CDK1/TICRR",12
"GO:0071824","GO:0071824","protein-DNA complex subunit organization","18/362","214/15881",2.06385557708119e-06,7.10153941750211e-05,6.74456152701654e-05,"HJURP/CDT1/CDC45/RAD51/CENPF/H1-5/H3C3/CENPA/DLGAP5/H2BC7/H3C8/OIP5/DMC1/H2BC14/H3C12/H3C2/H2BC17/HNF1B",18
"GO:2001251","GO:2001251","negative regulation of chromosome organization","11/362","83/15881",2.75885927637778e-06,9.38632122345159e-05,8.91449265885759e-05,"PLK1/CDT1/AURKB/TOP2A/ZWINT/ESPL1/CENPF/BUB1/TRIP13/BUB1B/TTK",11
"GO:0007052","GO:0007052","mitotic spindle organization","13/362","122/15881",4.2302293955025e-06,0.00014232371788424,0.000135169435187284,"PLK1/MYBL2/TPX2/CDC20/KIF4A/AURKB/NUF2/SPC25/KIFC1/NEK2/DLGAP5/KIF15/TTK",13
"GO:0033044","GO:0033044","regulation of chromosome organization","16/362","182/15881",4.32482235021267e-06,0.000143907275565318,0.000136673391102152,"PLK1/UBE2C/CDT1/AURKB/TOP2A/ZWINT/ESPL1/CDC6/CENPF/BUB1/TRIP13/CDCA5/BUB1B/NEK2/DLGAP5/TTK",16
"GO:0007051","GO:0007051","spindle organization","16/362","185/15881",5.34086572775117e-06,0.000175784145909028,0.000166947885219865,"PLK1/MYBL2/TPX2/CDC20/KIF4A/AURKB/ESPL1/CCNB2/ASPM/NUF2/SPC25/KIFC1/NEK2/DLGAP5/KIF15/TTK",16
"GO:0019731","GO:0019731","antibacterial humoral response","8/362","44/15881",5.83738310942659e-06,0.000190060172638105,0.000180506289246785,"JCHAIN/H2BC7/IGKV3-20/IGHA1/DEFA4/IGHA2/DEFA3/LTF",8
"GO:0071103","GO:0071103","DNA conformation change","19/362","256/15881",6.80814443003832e-06,0.000219131288068394,0.000208116067233141,"PLK1/HJURP/TOP2A/NCAPG/RAD51/H1-5/H3C3/RAD54L/CDCA5/POLQ/CDK1/H2BC7/H3C8/OIP5/H2BC14/DSCC1/H3C12/H3C2/H2BC17",19
"GO:0034502","GO:0034502","protein localization to chromosome","11/362","91/15881",6.87499087400839e-06,0.000219131288068394,0.000208116067233141,"PLK1/CDT1/AURKB/KNL1/H1-5/CDCA5/BUB1B/CENPA/ESCO2/CDK1/TTK",11
"GO:0045930","GO:0045930","negative regulation of mitotic cell cycle","17/362","211/15881",7.07237169130973e-06,0.000222643382556518,0.000211451616889525,"PLK1/CDT1/AURKB/DTL/ZWINT/CDC6/CLSPN/GTSE1/CENPF/BUB1/TRIP13/BUB1B/ORC1/CDK1/TICRR/TTK/E2F7",17
"GO:0006323","GO:0006323","DNA packaging","15/362","168/15881",7.13223517436667e-06,0.000222643382556518,0.000211451616889525,"PLK1/HJURP/TOP2A/NCAPG/H1-5/H3C3/CDCA5/CDK1/H2BC7/H3C8/OIP5/H2BC14/H3C12/H3C2/H2BC17",15
"GO:0006260","GO:0006260","DNA replication","19/362","258/15881",7.61402589020635e-06,0.000235257861179029,0.000223431994973617,"CCNA2/RRM2/CDT1/GINS2/DTL/MCM10/CDC6/CDC45/RAD51/FAM111B/POLQ/ESCO2/ORC1/PCLAF/CDK1/TICRR/E2F8/DSCC1/E2F7",19
"GO:1901992","GO:1901992","positive regulation of mitotic cell cycle phase transition","10/362","82/15881",1.66469783070113e-05,0.000509162124380103,0.000483567727110631,"UBE2C/CDT1/DTL/ESPL1/CDC6/CDC25A/CDC25C/CDCA5/DLGAP5/CDK1",10
"GO:0090307","GO:0090307","mitotic spindle assembly","9/362","66/15881",1.77038479763113e-05,0.000536072516722706,0.000509125396539816,"PLK1/MYBL2/TPX2/CDC20/KIF4A/AURKB/KIFC1/NEK2/KIF15",9
"GO:0019730","GO:0019730","antimicrobial humoral response","10/362","87/15881",2.8146642855692e-05,0.00084384192640629,0.000801423952910375,"JCHAIN/H2BC7/IGKV3-20/IGHA1/CXCL13/DEFA4/IGHA2/PF4V1/DEFA3/LTF",10
"GO:0007062","GO:0007062","sister chromatid cohesion","8/362","57/15881",4.20512415959852e-05,0.00123622485002566,0.00117408269841831,"PLK1/CDC20/ESPL1/BUB1/CDCA5/BUB1B/ESCO2/DSCC1",8
"GO:0010972","GO:0010972","negative regulation of G2/M transition of mitotic cell cycle","8/362","57/15881",4.20512415959852e-05,0.00123622485002566,0.00117408269841831,"PLK1/AURKB/DTL/CDC6/CLSPN/ORC1/CDK1/TICRR",8
"GO:0033314","GO:0033314","mitotic DNA replication checkpoint signaling","4/362","10/15881",5.00192167312935e-05,0.00145632873329189,0.00138312247074791,"CDC6/CLSPN/ORC1/TICRR",4
"GO:0034501","GO:0034501","protein localization to kinetochore","5/362","19/15881",5.34868069764736e-05,0.00152790614646002,0.0014511018536219,"CDT1/AURKB/KNL1/CDK1/TTK",5
"GO:1903083","GO:1903083","protein localization to condensed chromosome","5/362","19/15881",5.34868069764736e-05,0.00152790614646002,0.0014511018536219,"CDT1/AURKB/KNL1/CDK1/TTK",5
"GO:1902750","GO:1902750","negative regulation of cell cycle G2/M phase transition","8/362","59/15881",5.42396905365273e-05,0.00153493255088416,0.00145777505701714,"PLK1/AURKB/DTL/CDC6/CLSPN/ORC1/CDK1/TICRR",8
"GO:0051445","GO:0051445","regulation of meiotic cell cycle","7/362","44/15881",5.59122841722873e-05,0.00156761478216376,0.00148881442844726,"CDC20/CDC25A/CDC25C/ASPM/TRIP13/TTK/FBXO43",7
"GO:0051303","GO:0051303","establishment of chromosome localization","9/362","78/15881",6.86135611635067e-05,0.00190607213947797,0.00181025832060551,"CDT1/AURKB/KIF14/CENPF/KIF2C/NUF2/CDCA5/KIFC1/DLGAP5",9
"GO:0044818","GO:0044818","mitotic G2/M transition checkpoint","7/362","46/15881",7.51014565789458e-05,0.00206733827746407,0.00196341798443713,"PLK1/DTL/CDC6/CLSPN/ORC1/CDK1/TICRR",7
"GO:0051225","GO:0051225","spindle assembly","11/362","118/15881",8.040709912064e-05,0.00219344771294863,0.00208318819153711,"PLK1/MYBL2/TPX2/CDC20/KIF4A/AURKB/CCNB2/ASPM/KIFC1/NEK2/KIF15",11
"GO:0050000","GO:0050000","chromosome localization","9/362","80/15881",8.383465030061e-05,0.00226652965277006,0.00215259647200439,"CDT1/AURKB/KIF14/CENPF/KIF2C/NUF2/CDCA5/KIFC1/DLGAP5",9
"GO:0090068","GO:0090068","positive regulation of cell cycle process","15/362","210/15881",9.75355564613911e-05,0.00261360765455834,0.00248222766886372,"UBE2C/CDT1/AURKB/DTL/ESPL1/CDC6/CDC25A/CDC25C/KIF14/CDCA5/DLGAP5/CDK1/E2F8/IGF1/E2F7",15
"GO:0031570","GO:0031570","DNA integrity checkpoint signaling","11/362","121/15881",0.000100973435309945,0.00268199615893434,0.00254717844198311,"PLK1/CDT1/DTL/E2F1/CDC6/CLSPN/GTSE1/CDC45/ORC1/CDK1/TICRR",11
"GO:0051310","GO:0051310","metaphase plate congression","8/362","65/15881",0.000109640970439468,0.00288689442165835,0.0027417769449943,"CDT1/AURKB/KIF14/CENPF/KIF2C/NUF2/CDCA5/KIFC1",8
"GO:1901989","GO:1901989","positive regulation of cell cycle phase transition","10/362","102/15881",0.000110803340060317,0.00289234925605723,0.00274695757753889,"UBE2C/CDT1/DTL/ESPL1/CDC6/CDC25A/CDC25C/CDCA5/DLGAP5/CDK1",10
"GO:0006270","GO:0006270","DNA replication initiation","6/362","35/15881",0.000124880913688825,0.0032045712427946,0.00304348489025754,"CDT1/MCM10/CDC6/CDC45/ORC1/TICRR",6
"GO:0008608","GO:0008608","attachment of spindle microtubules to kinetochore","6/362","35/15881",0.000124880913688825,0.0032045712427946,0.00304348489025754,"CDT1/AURKB/KNL1/KIF2C/NUF2/NEK2",6
"GO:0007080","GO:0007080","mitotic metaphase plate congression","7/362","50/15881",0.000129617043391329,0.0032981546839407,0.00313236410920044,"CDT1/AURKB/KIF14/KIF2C/NUF2/CDCA5/KIFC1",7
"GO:0061982","GO:0061982","meiosis I cell cycle process","11/362","125/15881",0.000135255115705491,0.00341293741963522,0.00324137698339826,"PLK1/TOP2A/ESPL1/CCNB2/CDC25A/CDC25C/RAD51/RAD54L/TRIP13/MND1/DMC1",11
"GO:0006334","GO:0006334","nucleosome assembly","10/362","105/15881",0.000141284043343692,0.00353560399375785,0.00335787739377962,"HJURP/H1-5/H3C3/H2BC7/H3C8/OIP5/H2BC14/H3C12/H3C2/H2BC17",10
"GO:0051383","GO:0051383","kinetochore organization","5/362","23/15881",0.000143586415819725,0.0035637677631322,0.00338462543588861,"CDT1/CENPF/NUF2/CENPA/DLGAP5",5
"GO:0045132","GO:0045132","meiotic chromosome segregation","9/362","86/15881",0.000147484652994575,0.00363076040054938,0.00344825050903876,"PLK1/TOP2A/ESPL1/BUB1/TRIP13/NUF2/BUB1B/TTK/DMC1",9
"GO:0045931","GO:0045931","positive regulation of mitotic cell cycle","10/362","110/15881",0.000207735453925687,0.00507276576199177,0.00481776961056855,"UBE2C/CDT1/DTL/ESPL1/CDC6/CDC25A/CDC25C/CDCA5/DLGAP5/CDK1",10
"GO:0015669","GO:0015669","gas transport","4/362","15/15881",0.000296997953094315,0.00713737938071101,0.0067785998985269,"HBG2/RHAG/HBQ1/HBM",4
"GO:0051315","GO:0051315","attachment of mitotic spindle microtubules to kinetochore","4/362","15/15881",0.000296997953094315,0.00713737938071101,0.0067785998985269,"CDT1/AURKB/KIF2C/NUF2",4
"GO:0007143","GO:0007143","female meiotic nuclear division","5/362","27/15881",0.000319628941264305,0.00762075932400248,0.00723768145490328,"PLK1/TOP2A/CCNB2/TRIP13/TTK",5
"GO:0030261","GO:0030261","chromosome condensation","6/362","42/15881",0.000352910171799979,0.00834853125164326,0.00792886997826927,"PLK1/TOP2A/NCAPG/H1-5/CDCA5/CDK1",6
"GO:0051782","GO:0051782","negative regulation of cell division","4/362","16/15881",0.000388911308646635,0.00912886389598457,0.00866997711319956,"AURKB/ASPM/E2F8/E2F7",4
"GO:0000910","GO:0000910","cytokinesis","12/362","165/15881",0.000406919978609188,0.00947810534791246,0.00900166300858543,"PLK1/KIF4A/AURKB/CEP55/ESPL1/KIF20A/CDC6/KIF14/ANLN/CENPA/E2F8/E2F7",12
"GO:0034508","GO:0034508","centromere complex assembly","5/362","30/15881",0.000533449993555134,0.0123304319120988,0.0117106097420058,"HJURP/CENPF/CENPA/DLGAP5/OIP5",5
"GO:0044774","GO:0044774","mitotic DNA integrity checkpoint signaling","8/362","83/15881",0.000600768017799384,0.0137812542264889,0.0130885025887394,"PLK1/DTL/CDC6/CLSPN/GTSE1/ORC1/CDK1/TICRR",8
"GO:0031497","GO:0031497","chromatin assembly","10/362","127/15881",0.000658852552501,0.0149285124139905,0.0141780907720997,"HJURP/H1-5/H3C3/H2BC7/H3C8/OIP5/H2BC14/H3C12/H3C2/H2BC17",10
"GO:0010639","GO:0010639","negative regulation of organelle organization","18/362","333/15881",0.000660640906035245,0.0149285124139905,0.0141780907720997,"PLK1/TPX2/CDT1/AURKB/TOP2A/ZWINT/ESPL1/CENPF/BUB1/TRIP13/BUB1B/TTK/IGF1/FBXO43/CLU/SPTB/MET/PPARG",18
"GO:0006275","GO:0006275","regulation of DNA replication","9/362","106/15881",0.000707417882534355,0.0158671210986224,0.0150695177784316,"CCNA2/CDT1/CDC6/ESCO2/CDK1/TICRR/E2F8/DSCC1/E2F7",9
"GO:0006261","GO:0006261","DNA-dependent DNA replication","11/362","152/15881",0.000732274725608601,0.0163038813907562,0.0154843231452221,"CDT1/MCM10/CDC6/CDC45/RAD51/POLQ/ORC1/TICRR/E2F8/DSCC1/E2F7",11
"GO:0000079","GO:0000079","regulation of cyclin-dependent protein serine/threonine kinase activity","8/362","89/15881",0.000956031799081322,0.0210730241666606,0.0200137321919338,"PLK1/CCNA2/PKMYT1/CCNB2/CDC6/CDC25A/CDC25C/CDKN3",8
"GO:0007095","GO:0007095","mitotic G2 DNA damage checkpoint signaling","5/362","34/15881",0.000966721297469328,0.0210730241666606,0.0200137321919338,"PLK1/DTL/CLSPN/CDK1/TICRR",5
"GO:0001895","GO:0001895","retina homeostasis","7/362","69/15881",0.000967354808178938,0.0210730241666606,0.0200137321919338,"IGKC/JCHAIN/IGHG3/IGHA1/IGHA2/RDH12/LTF",7
"GO:0000281","GO:0000281","mitotic cytokinesis","7/362","71/15881",0.00114704725529018,0.0248089934929904,0.0235619030184418,"PLK1/KIF4A/CEP55/ESPL1/KIF20A/ANLN/CENPA",7
"GO:0002227","GO:0002227","innate immune response in mucosa","4/362","21/15881",0.00116876001868616,0.0250993286282389,0.0238376436808554,"H2BC7/DEFA4/DEFA3/LTF",4
"GO:1904668","GO:1904668","positive regulation of ubiquitin protein ligase activity","3/362","10/15881",0.00125120527904884,0.0263230515243452,0.0249998528695373,"PLK1/CDC20/UBE2C",3
"GO:0007131","GO:0007131","reciprocal meiotic recombination","6/362","53/15881",0.00125182279376014,0.0263230515243452,0.0249998528695373,"TOP2A/RAD51/RAD54L/TRIP13/MND1/DMC1",6
"GO:0140527","GO:0140527","reciprocal homologous recombination","6/362","53/15881",0.00125182279376014,0.0263230515243452,0.0249998528695373,"TOP2A/RAD51/RAD54L/TRIP13/MND1/DMC1",6
"GO:1904029","GO:1904029","regulation of cyclin-dependent protein kinase activity","8/362","93/15881",0.00127449342127404,0.0266149384801227,0.0252770673460666,"PLK1/CCNA2/PKMYT1/CCNB2/CDC6/CDC25A/CDC25C/CDKN3",8
"GO:0061844","GO:0061844","antimicrobial humoral immune response mediated by antimicrobial peptide","6/362","54/15881",0.00138172962972465,0.0286566939644264,0.0272161885249297,"H2BC7/CXCL13/DEFA4/PF4V1/DEFA3/LTF",6
"GO:0034728","GO:0034728","nucleosome organization","10/362","141/15881",0.00147059668273665,0.0302922908525618,0.0287695677567958,"HJURP/H1-5/H3C3/H2BC7/H3C8/OIP5/H2BC14/H3C12/H3C2/H2BC17",10
"GO:0035825","GO:0035825","homologous recombination","6/362","55/15881",0.00152167207836535,0.0311325881979073,0.0295676253065017,"TOP2A/RAD51/RAD54L/TRIP13/MND1/DMC1",6
"GO:0015671","GO:0015671","oxygen transport","3/362","11/15881",0.00169146104897519,0.0343741211832006,0.0326462139583202,"HBG2/HBQ1/HBM",3
"GO:0007127","GO:0007127","meiosis I","9/362","120/15881",0.001706763464302,0.0344538651327096,0.0327219493647232,"PLK1/TOP2A/ESPL1/CCNB2/RAD51/RAD54L/TRIP13/MND1/DMC1",9
"GO:0003094","GO:0003094","glomerular filtration","4/362","24/15881",0.00196622514285417,0.039428673725579,0.0374466858855183,"JCHAIN/IGKV3-20/IGHA1/IGHA2",4
"GO:0061640","GO:0061640","cytoskeleton-dependent cytokinesis","8/362","100/15881",0.00203026925595772,0.0404451007042103,0.0384120194409729,"PLK1/KIF4A/AURKB/CEP55/ESPL1/KIF20A/ANLN/CENPA",8
"GO:0045787","GO:0045787","positive regulation of cell cycle","15/362","283/15881",0.00219958740810434,0.0435317037368624,0.0413434661089856,"UBE2C/CDT1/AURKB/DTL/ESPL1/CDC6/CDC25A/CDC25C/KIF14/CDCA5/DLGAP5/CDK1/E2F8/IGF1/E2F7",15
"GO:2000105","GO:2000105","positive regulation of DNA-dependent DNA replication","3/362","12/15881",0.0022173791314551,0.0435988572080911,0.0414072439312052,"CDT1/E2F8/E2F7",3
"GO:0044786","GO:0044786","cell cycle DNA replication","5/362","41/15881",0.0022858154644578,0.0446270634346444,0.0423837646191506,"CDT1/CDC45/RAD51/E2F8/E2F7",5
"GO:0097205","GO:0097205","renal filtration","4/362","25/15881",0.00229914857853518,0.0446270634346444,0.0423837646191506,"JCHAIN/IGKV3-20/IGHA1/IGHA2",4
"GO:0006333","GO:0006333","chromatin assembly or disassembly","10/362","152/15881",0.0025645711274737,0.0494619195795565,0.0469755837764542,"HJURP/H1-5/H3C3/H2BC7/H3C8/OIP5/H2BC14/H3C12/H3C2/H2BC17",10
